{
    "metadata": {
        "normals": 12,
        "faces": 120,
        "generator": "io_three",
        "version": 3,
        "vertices": 240,
        "uvs": 1,
        "materials": 1,
        "type": "Geometry"
    },
    "normals": [1,0,0,0,0,-1,0,0,-0.999969,0,1,0,0,0,0.999969,0,0,1,0,-1,0,0.999969,0,0,-1,0,0,-0.999969,0,0,0,0.999969,0,0,-0.999969,0],
    "faces": [42,0,1,2,0,0,1,2,0,0,0,42,0,2,3,0,0,2,3,0,0,0,42,4,5,6,0,4,5,6,1,1,2,42,4,6,7,0,4,6,7,1,2,1,42,8,9,10,0,8,9,10,3,3,3,42,8,10,11,0,8,10,11,3,3,3,42,12,13,14,0,5,4,7,4,5,5,42,12,14,15,0,5,7,6,4,5,5,42,16,17,18,0,9,8,11,6,6,6,42,16,18,19,0,9,11,10,6,6,6,42,20,21,22,0,12,13,14,0,0,7,42,20,22,23,0,12,14,15,0,7,0,42,24,25,26,0,12,15,14,8,8,9,42,24,26,27,0,12,14,13,8,9,8,42,28,29,30,0,16,17,18,5,5,5,42,28,30,31,0,16,18,19,5,5,5,42,32,33,34,0,20,21,22,3,3,3,42,32,34,35,0,20,22,23,3,3,3,42,36,37,38,0,17,16,19,1,1,1,42,36,38,39,0,17,19,18,1,1,1,42,40,41,42,0,21,20,23,6,6,6,42,40,42,43,0,21,23,22,6,6,6,42,44,45,46,0,24,25,26,8,8,8,42,44,46,47,0,24,26,27,8,8,8,42,48,49,50,0,24,27,26,0,0,0,42,48,50,51,0,24,26,25,0,0,0,42,52,53,54,0,16,17,18,5,5,5,42,52,54,55,0,16,18,19,5,5,5,42,56,57,58,0,28,29,30,3,3,3,42,56,58,59,0,28,30,31,3,3,3,42,60,61,62,0,17,16,19,1,1,1,42,60,62,63,0,17,19,18,1,1,1,42,64,65,66,0,29,28,31,6,6,6,42,64,66,67,0,29,31,30,6,6,6,42,68,69,70,0,32,33,34,8,8,8,42,68,70,71,0,32,34,35,8,8,8,42,72,73,74,0,32,35,34,0,0,0,42,72,74,75,0,32,34,33,0,0,0,42,76,77,78,0,36,37,38,3,3,3,42,76,78,79,0,36,38,39,3,3,3,42,80,81,82,0,36,39,38,6,6,6,42,80,82,83,0,36,38,37,6,6,6,42,84,85,86,0,35,32,40,9,8,9,42,84,86,87,0,35,40,41,9,9,8,42,88,89,90,0,42,43,44,2,1,2,42,88,90,91,0,42,44,45,2,2,1,42,92,93,94,0,32,35,41,0,0,0,42,92,94,95,0,32,41,40,0,0,0,42,96,97,98,0,43,42,45,4,5,4,42,96,98,99,0,43,45,44,4,4,5,42,100,101,102,0,46,47,48,5,5,5,42,100,102,103,0,46,48,49,5,5,5,42,104,105,106,0,4,5,6,1,1,1,42,104,106,107,0,4,6,7,1,1,1,42,108,109,110,0,50,51,52,3,3,3,42,108,110,111,0,50,52,53,3,3,3,42,112,113,114,0,5,4,7,5,5,5,42,112,114,115,0,5,7,6,5,5,5,42,116,117,118,0,51,50,53,6,6,6,42,116,118,119,0,51,53,52,6,6,6,42,120,121,122,0,54,55,56,7,0,7,42,120,122,123,0,54,56,57,7,7,0,42,124,125,126,0,54,57,56,9,8,9,42,124,126,127,0,54,56,55,9,9,8,42,128,129,130,0,58,59,60,3,3,3,42,128,130,131,0,58,60,61,3,3,3,42,132,133,134,0,58,61,60,6,6,6,42,132,134,135,0,58,60,59,6,6,6,42,136,137,138,0,27,24,62,8,8,8,42,136,138,139,0,27,62,63,8,8,8,42,140,141,142,0,64,18,65,1,1,1,42,140,142,143,0,64,65,66,1,1,1,42,144,145,146,0,24,27,63,0,0,0,42,144,146,147,0,24,63,62,0,0,0,42,148,149,150,0,18,64,66,5,5,5,42,148,150,151,0,18,66,65,5,5,5,42,152,153,154,0,67,68,69,3,3,3,42,152,154,155,0,67,69,70,3,3,3,42,156,157,158,0,67,70,69,6,6,6,42,156,158,159,0,67,69,68,6,6,6,42,160,161,162,0,35,32,40,9,8,9,42,160,162,163,0,35,40,41,9,9,8,42,164,165,166,0,64,18,65,1,1,1,42,164,166,167,0,64,65,66,1,1,1,42,168,169,170,0,32,35,41,0,0,0,42,168,170,171,0,32,41,40,0,0,0,42,172,173,174,0,18,64,66,5,5,5,42,172,174,175,0,18,66,65,5,5,5,42,176,177,178,0,71,72,73,3,3,3,42,176,178,179,0,71,73,74,3,3,3,42,180,181,182,0,71,74,73,6,6,6,42,180,182,183,0,71,73,72,6,6,6,42,184,185,186,0,27,24,62,8,8,8,42,184,186,187,0,27,62,63,8,8,8,42,188,189,190,0,42,43,44,1,1,1,42,188,190,191,0,42,44,45,1,1,1,42,192,193,194,0,24,27,63,0,0,0,42,192,194,195,0,24,63,62,0,0,0,42,196,197,198,0,43,42,45,5,5,5,42,196,198,199,0,43,45,44,5,5,5,42,200,201,202,0,75,76,77,10,3,10,42,200,202,203,0,75,77,78,10,10,3,42,204,205,206,0,79,80,81,11,6,11,42,204,206,207,0,79,81,82,11,11,6,42,208,209,210,0,83,77,79,1,1,1,42,208,210,211,0,83,79,84,1,1,1,42,212,213,214,0,85,86,87,0,0,0,42,212,214,215,0,85,87,88,0,0,0,42,216,217,218,0,83,77,79,5,5,5,42,216,218,219,0,83,79,84,5,5,5,42,220,221,222,0,83,86,87,8,8,8,42,220,222,223,0,83,87,84,8,8,8,42,224,225,226,0,89,90,91,10,3,10,42,224,226,227,0,89,91,92,10,10,3,42,228,229,230,0,89,92,91,11,6,11,42,228,230,231,0,89,91,90,11,11,6,42,232,233,234,0,45,65,93,1,1,1,42,232,234,235,0,45,93,94,1,1,1,42,236,237,238,0,95,96,97,8,8,8,42,236,238,239,0,95,97,98,8,8,8],
    "materials": [{
        "colorEmissive": [0,0,0],
        "DbgColor": 15658734,
        "depthTest": true,
        "colorAmbient": [0.589804,0.542745,0.401569],
        "transparent": false,
        "shading": "phong",
        "visible": true,
        "specularCoef": 50,
        "DbgName": "w  white",
        "colorDiffuse": [0.589804,0.542745,0.401569],
        "colorSpecular": [0.078431,0.078431,0.078431],
        "blending": "NormalBlending",
        "DbgIndex": 0,
        "wireframe": false,
        "mapDiffuse": "Sapele Mahogany.jpg",
        "opacity": 1,
        "mapDiffuseWrap": ["RepeatWrapping","RepeatWrapping"],
        "mapDiffuseAnisotropy": 1,
        "mapDiffuseRepeat": [1,1],
        "depthWrite": true
    }],